City,Country,Lat,Lng,Max Temp,Humidity,Cloudiness,Wind Speed
Kapaa,US,22.08,-159.32,82.4,74.0,20.0,21.92
Rikitea,PF,-23.12,-134.97,70.59,78.0,3.0,19.46
Tasiilaq,GL,65.61,-37.64,41.0,93.0,100.0,5.82
Puerto Ayora,EC,-0.74,-90.35,68.0,88.0,55.0,3.0
Forsytheganj,BY,52.63,29.73,64.87,91.0,85.0,4.72
Kaitangata,NZ,-46.28,169.85,54.0,57.0,0.0,1.01
Albany,US,42.6,-73.97,77.0,96.0,94.0,4.38
Kununurra,AU,-15.77,128.73,82.4,14.0,66.0,10.29
Chui,UY,-33.7,-53.46,45.97,92.0,2.0,7.05
Belyy Yar,RU,53.6,91.39,68.0,64.0,91.0,11.18
Castro,BR,-24.79,-50.01,54.1,92.0,100.0,2.95
Blackfoot,US,43.19,-112.34,73.99,23.0,0.0,5.03
Camapuã,BR,-19.53,-54.04,69.53,47.0,71.0,6.49
Ushuaia,AR,-54.8,-68.3,33.8,80.0,40.0,21.92
North Bend,US,43.41,-124.22,62.01,93.0,1.0,5.82
Hobart,AU,-42.88,147.33,55.0,58.0,90.0,16.11
Husavik,IS,66.04,-17.34,42.28,80.0,83.0,7.23
Ostrovnoy,RU,68.05,39.51,62.53,73.0,90.0,1.39
Klaksvík,FO,62.23,-6.59,46.4,87.0,100.0,14.99
Tiarei,PF,-17.53,-149.33,78.8,78.0,40.0,13.87
Pevek,RU,69.7,170.31,41.13,87.0,33.0,30.29
Vila Velha,BR,-20.33,-40.29,69.8,94.0,90.0,1.12
Parsons,US,37.34,-95.26,80.6,74.0,1.0,9.31
Yulara,AU,-25.24,130.99,68.0,28.0,0.0,12.75
Muravlenko,RU,63.79,74.52,56.17,53.0,100.0,14.25
Maţāy,EG,28.42,30.78,76.17,61.0,0.0,14.41
Hailun,CN,47.45,126.93,86.45,47.0,0.0,6.2
Norman Wells,CA,65.28,-126.83,71.6,53.0,20.0,4.7
Khatanga,RU,71.97,102.5,47.12,61.0,99.0,10.27
Punta Arenas,CL,-53.15,-70.92,35.6,74.0,64.0,12.75
East London,ZA,-33.02,27.91,55.4,66.0,40.0,8.05
Bredasdorp,ZA,-34.53,20.04,35.6,93.0,0.0,4.83
Ridgecrest,US,35.62,-117.67,89.6,13.0,1.0,11.41
Caravelas,BR,-17.71,-39.25,70.11,84.0,30.0,5.64
Kautokeino,NO,69.01,23.04,57.16,78.0,10.0,12.53
Mossamedes,AO,-15.2,12.15,65.07,74.0,0.0,3.76
Sumter,US,28.71,-82.08,78.01,95.0,41.0,1.99
São Domingos do Maranhão,BR,-5.58,-44.39,69.4,54.0,0.0,4.99
New Norfolk,AU,-42.78,147.06,55.0,73.0,100.0,1.01
Cape Town,ZA,-33.93,18.42,51.01,93.0,0.0,3.36
Fare,PF,-16.7,-151.02,79.57,76.0,100.0,15.35
Casambalangan,PH,18.38,122.13,87.78,66.0,57.0,5.19
Saldanha,ZA,-33.01,17.94,44.6,81.0,0.0,6.93
Port Elizabeth,ZA,-33.92,25.57,50.0,87.0,87.0,8.05
Atuona,PF,-9.8,-139.03,80.1,73.0,7.0,26.04
Cabo San Lucas,MX,22.89,-109.91,82.99,78.0,40.0,13.87
San Luis,AR,-33.3,-66.34,47.37,50.0,38.0,20.33
Mataura,NZ,-46.19,168.86,39.0,83.0,0.0,3.0
Gaoual,GN,11.75,-13.2,73.87,94.0,100.0,2.08
Lufilufi,WS,-13.87,-171.6,82.4,88.0,75.0,8.05
Mahébourg,MU,-20.41,57.7,71.6,73.0,75.0,14.99
São Filipe,CV,14.9,-24.5,74.43,84.0,70.0,12.37
Hofn,IS,64.25,-15.21,47.79,61.0,100.0,14.72
Troitsko-Pechorsk,RU,62.71,56.2,72.59,44.0,27.0,6.26
Saint-Philippe,RE,-21.36,55.77,69.8,64.0,56.0,2.24
Bambous Virieux,MU,-20.34,57.76,73.0,73.0,75.0,14.99
George Town,MY,5.41,100.34,87.8,74.0,20.0,10.29
Half Moon Bay,US,37.46,-122.43,64.4,93.0,90.0,4.7
Nikolskoye,RU,59.7,30.79,69.01,82.0,17.0,4.47
Honiara,SB,-9.43,159.95,91.4,59.0,20.0,11.41
Kurumkan,RU,54.3,110.3,65.03,84.0,100.0,3.13
Inawayan,PH,6.96,125.47,83.03,73.0,99.0,5.61
Chokurdakh,RU,70.63,147.92,47.95,59.0,95.0,11.01
Libertador General San Martín,AR,-23.81,-64.79,46.0,79.0,0.0,2.44
Yellowknife,CA,62.46,-114.35,66.0,63.0,75.0,9.17
Makakilo City,US,21.35,-158.09,82.4,65.0,90.0,14.99
The Pas,CA,53.83,-101.25,66.2,68.0,20.0,8.05
Laguna,US,38.42,-121.42,77.0,41.0,1.0,9.17
Naze,JP,28.37,129.48,89.6,75.0,75.0,14.99
Kambove,CD,-10.88,26.6,46.74,85.0,0.0,4.5
Tiznit Province,MA,29.58,-9.5,74.19,47.0,20.0,1.32
Shimoda,JP,34.67,138.95,78.8,88.0,75.0,13.87
Carnarvon,AU,-24.87,113.63,71.6,35.0,0.0,8.05
Goderich,CA,43.75,-81.72,80.01,87.0,100.0,1.99
Busselton,AU,-33.65,115.33,69.01,73.0,93.0,11.99
Ilulissat,GL,69.22,-51.1,44.6,93.0,100.0,6.93
Torbay,CA,47.67,-52.73,55.99,100.0,90.0,18.34
Tessalit,ML,20.2,1.01,90.79,32.0,81.0,7.36
La Grande,US,45.32,-118.09,75.2,36.0,1.0,6.93
Bethel,US,41.37,-73.41,72.0,78.0,1.0,5.21
Lalupon,NG,7.47,4.07,70.45,96.0,98.0,3.13
Kimbe,PG,-5.55,150.14,85.24,72.0,100.0,3.53
Chumikan,RU,54.72,135.31,63.75,71.0,2.0,7.45
Esperance,AU,-33.87,121.9,64.4,68.0,67.0,23.04
Labuhan,ID,-6.88,112.21,85.21,53.0,80.0,3.56
Shahr-e Kord,IR,32.33,50.86,75.2,27.0,20.0,2.24
Te Anau,NZ,-45.42,167.72,45.32,82.0,15.0,0.16
Ponnāni,IN,10.77,75.93,84.2,79.0,20.0,4.7
Mackenzie,CA,55.3,-123.17,62.98,70.0,6.0,4.79
Vaini,TO,-21.2,-175.2,73.4,78.0,40.0,11.41
Isangel,VU,-19.55,169.27,80.6,69.0,9.0,10.29
Aykhal,RU,66.0,111.5,42.8,75.0,90.0,8.95
Ossora,RU,59.24,163.07,65.35,54.0,0.0,6.17
Cockburn Town,TC,21.46,-71.14,82.4,83.0,42.0,16.4
Vila do Maio,CV,15.13,-23.22,77.0,78.0,20.0,10.29
Upernavik,GL,72.79,-56.15,42.78,81.0,30.0,6.64
Bondeno,IT,44.89,11.41,71.01,85.0,10.0,1.99
Urusha,RU,54.05,122.9,78.03,65.0,99.0,5.88
Touros,BR,-5.2,-35.46,71.6,100.0,75.0,4.7
Nouadhibou,MR,20.93,-17.03,71.6,83.0,0.0,20.8
Hermanus,ZA,-34.42,19.23,45.0,88.0,1.0,1.99
Buta,CD,2.79,24.73,66.94,93.0,20.0,1.81
Kuruman,ZA,-27.45,23.43,37.0,68.0,0.0,10.67
Gisborne,NZ,-38.65,178.0,55.0,64.0,10.0,1.99
Bilibino,RU,68.05,166.44,80.37,34.0,95.0,19.06
Valparaíso,CL,-33.04,-71.63,54.0,64.0,100.0,14.92
Tiksi,RU,71.69,128.87,38.53,90.0,99.0,7.36
Bluff,NZ,-46.6,168.33,39.0,83.0,0.0,3.0
Saint George,US,37.1,-113.58,93.2,13.0,1.0,6.93
Katsuura,JP,35.13,140.3,84.0,94.0,75.0,18.34
Ribeira Grande,PT,38.52,-28.7,73.09,90.0,12.0,4.32
Roald,NO,62.58,6.13,59.0,77.0,100.0,9.17
Tuktoyaktuk,CA,69.45,-133.04,62.6,77.0,75.0,11.41
Cherskiy,RU,68.75,161.3,49.87,68.0,64.0,27.09
Hithadhoo,MV,-0.6,73.08,82.96,69.0,84.0,5.93
Provideniya,RU,64.38,-173.3,50.0,87.0,90.0,17.9
Olafsvik,IS,64.89,-23.71,46.81,74.0,17.0,8.25
Nanortalik,GL,60.14,-45.24,42.71,87.0,17.0,3.33
Avarua,CK,-21.21,-159.78,69.8,88.0,65.0,5.82
Souillac,MU,-20.52,57.52,71.6,73.0,75.0,14.99
Katangli,RU,51.71,143.23,61.0,76.0,59.0,9.84
Arraial do Cabo,BR,-22.97,-42.03,71.06,89.0,46.0,14.16
Aranos,NA,-24.13,19.12,45.3,56.0,0.0,10.07
Kānker,IN,20.27,81.49,88.57,56.0,89.0,5.14
Qaanaaq,GL,77.48,-69.36,39.47,72.0,0.0,1.25
Maragogi,BR,-9.01,-35.22,73.36,80.0,74.0,11.63
General Roca,AR,-39.03,-67.58,41.0,61.0,0.0,2.24
Barrow,US,71.29,-156.79,51.8,87.0,90.0,26.4
Udachny,RU,66.42,112.4,42.8,75.0,90.0,8.95
Jamestown,US,42.1,-79.24,69.8,83.0,1.0,6.22
Stokmarknes,NO,68.56,14.91,64.0,64.0,45.0,8.01
Sur,OM,22.57,59.53,91.36,57.0,64.0,6.91
Vostok,RU,46.49,135.88,78.98,54.0,37.0,4.0
Korla,CN,41.76,86.15,92.52,18.0,0.0,6.17
Okhotsk,RU,59.38,143.3,64.87,69.0,1.0,11.25
Lensk,RU,60.73,114.93,74.23,46.0,100.0,11.23
Port Alfred,ZA,-33.59,26.89,53.87,69.0,74.0,5.23
San Quintín,MX,30.48,-115.95,67.15,85.0,0.0,12.88
Asău,RO,46.43,26.4,66.99,79.0,91.0,3.62
Tuatapere,NZ,-46.13,167.68,39.0,83.0,20.0,3.0
Lorengau,PG,-2.02,147.27,83.64,76.0,41.0,5.1
San Patricio,MX,19.22,-104.7,78.71,82.0,98.0,2.28
Lebu,CL,-37.62,-73.65,47.23,83.0,58.0,7.58
Carambeí,BR,-24.92,-50.1,52.21,99.0,100.0,3.27
Elesbão Veloso,BR,-6.2,-42.14,69.3,59.0,91.0,4.56
Vrangel',RU,42.73,133.08,67.06,89.0,96.0,11.61
Lundazi,ZM,-12.29,33.18,55.22,75.0,70.0,10.94
Sevierville,US,35.87,-83.56,73.4,94.0,20.0,2.91
Necochea,AR,-38.55,-58.74,46.0,81.0,89.0,5.99
Amga,RU,60.9,131.96,80.24,37.0,100.0,1.92
Porto Santo,PT,33.07,-16.34,68.0,88.0,40.0,11.41
Cidreira,BR,-30.18,-50.21,55.11,88.0,74.0,6.15
Saint Paul Harbor,US,57.79,-152.41,60.8,72.0,1.0,5.82
Itarema,BR,-2.92,-39.92,75.04,86.0,90.0,12.84
Catuday,PH,16.29,119.81,84.83,71.0,0.0,6.58
Mehamn,NO,71.04,27.85,68.0,56.0,9.0,3.36
Hasaki,JP,35.73,140.83,84.2,74.0,75.0,13.87
Coquimbo,CL,-29.95,-71.34,50.0,81.0,97.0,3.36
Kavieng,PG,-2.57,150.8,84.42,68.0,100.0,3.0
Monrovia,LR,6.3,-10.8,75.65,80.0,80.0,8.08
Maniitsoq,GL,65.42,-52.9,45.5,93.0,97.0,4.65
Dikson,RU,73.51,80.55,38.52,87.0,95.0,14.23
Walvis Bay,NA,-22.96,14.51,69.8,26.0,0.0,16.11
Paamiut,GL,61.99,-49.67,44.15,92.0,53.0,2.77
Ţahţā,EG,26.77,31.5,82.4,51.0,0.0,18.34
Algarrobo,CO,10.19,-74.58,75.0,87.0,100.0,3.0
Beloha,MG,-25.17,45.05,60.94,74.0,0.0,5.35
Butaritari,KI,3.07,172.79,82.65,78.0,47.0,12.39
Lucapa,AO,-8.42,20.74,58.68,43.0,38.0,4.32
St. George's,GD,12.06,-61.75,82.4,78.0,20.0,5.82
Ulagan,RU,50.63,87.96,71.01,42.0,97.0,2.35
Los Llanos de Aridane,ES,28.66,-17.92,71.6,73.0,90.0,13.87
Bengkulu,ID,-3.8,102.27,85.51,61.0,2.0,10.6
Otradnoye,RU,59.78,30.82,69.01,82.0,18.0,4.47
Espera Feliz,BR,-20.65,-41.91,62.15,94.0,69.0,1.61
Lagoa,PT,39.05,-27.98,72.21,93.0,0.0,5.61
Pochutla,MX,15.74,-96.47,80.01,78.0,100.0,4.59
Severo-Kuril'sk,RU,50.68,156.12,53.51,85.0,92.0,17.63
Yining,CN,29.04,114.56,82.81,85.0,100.0,3.04
Tymovskoye,RU,50.85,142.66,68.86,61.0,76.0,2.55
Port Hedland,AU,-20.32,118.57,82.4,10.0,22.0,13.87
Pacific Grove,US,36.62,-121.92,60.8,82.0,1.0,4.7
Chicla,PE,-11.71,-76.27,45.03,59.0,10.0,3.18
Andenes,NO,69.31,16.12,60.8,67.0,50.0,9.17
Manali,IN,13.17,80.27,91.4,59.0,20.0,9.17
Tura,IN,25.52,90.22,85.98,76.0,72.0,4.52
Nagato,JP,34.38,131.2,78.8,100.0,75.0,12.75
Miraflores,MX,19.22,-98.81,66.2,63.0,20.0,5.82
Hobyo,SO,5.35,48.53,80.67,66.0,32.0,20.2
Road Town,VG,18.42,-64.62,82.0,86.0,84.0,7.0
Mar del Plata,AR,-38.0,-57.56,53.01,81.0,100.0,10.29
Antofagasta,CL,-23.65,-70.4,51.8,81.0,40.0,2.24
Longuenesse,FR,50.73,2.24,60.01,96.0,100.0,7.0
Saint-Ambroise,CA,48.55,-71.33,66.99,93.0,75.0,2.24
Finale Ligure,IT,44.17,8.34,70.0,100.0,20.0,12.75
Hilo,US,19.73,-155.09,82.4,69.0,90.0,6.93
Genk,BE,50.97,5.5,62.01,73.0,87.0,4.94
Rio Grande,BR,-32.03,-52.1,46.0,96.0,28.0,7.47
Stege,DK,54.99,12.28,61.0,76.0,58.0,8.88
Vozhega,RU,60.47,40.22,66.58,61.0,0.0,0.83
Hong Kong,HK,22.29,114.16,91.0,62.0,67.0,15.99
Diamantino,BR,-14.41,-56.45,67.28,47.0,0.0,3.62
Kruisfontein,ZA,-34.0,24.73,49.73,75.0,85.0,2.62
Kwang Binh,VN,17.48,106.6,99.03,43.0,93.0,2.28
Bilma,NE,18.69,12.92,85.12,21.0,15.0,4.47
Chute-aux-Outardes,CA,49.12,-68.4,57.2,100.0,1.0,2.24
Kalabo,ZM,-14.97,22.68,48.34,69.0,1.0,5.1
Ixtapa,MX,20.7,-105.2,82.4,83.0,75.0,1.21
San Policarpo,PH,12.18,125.51,85.42,72.0,89.0,6.38
Oranjemund,NA,-28.55,16.43,54.18,83.0,0.0,5.1
Vila,PT,42.03,-8.16,61.0,88.0,0.0,1.01
Uray,RU,60.12,64.78,69.12,56.0,39.0,8.72
Nālūt,LY,30.33,10.85,74.08,39.0,0.0,8.77
Marsá Maţrūḩ,EG,31.35,27.25,71.6,88.0,40.0,5.82
Praia,CV,14.92,-23.51,77.0,78.0,20.0,10.29
Ilām,NP,26.92,87.92,80.6,100.0,75.0,3.36
Fairbanks,US,64.84,-147.72,68.0,48.0,75.0,10.29
Krasnoarmiys'k,UA,48.28,37.18,76.55,35.0,93.0,12.84
Rosarito,MX,32.33,-117.03,68.0,88.0,75.0,4.7
Kondinskoye,RU,59.65,67.41,68.09,57.0,28.0,8.3
Saskylakh,RU,71.92,114.08,41.27,88.0,100.0,14.52
Itaí,BR,-23.42,-49.09,56.44,94.0,66.0,6.71
Kasongo-Lunda,CD,-6.47,16.82,62.83,48.0,76.0,1.99
Price,US,39.6,-110.81,77.0,25.0,1.0,8.05
Port Hardy,CA,50.7,-127.42,64.4,82.0,20.0,6.93
Koygorodok,RU,60.45,51.0,73.78,53.0,34.0,1.36
Leningradskiy,RU,69.38,178.42,48.81,86.0,72.0,15.59
Sungai Raya,ID,0.7,108.9,84.33,72.0,99.0,6.46
Bundaberg,AU,-24.85,152.35,69.8,40.0,26.0,6.93
Mahanoro,MG,-19.9,48.8,66.07,74.0,52.0,4.76
Mount Isa,AU,-20.73,139.5,73.4,20.0,0.0,13.87
Batagay-Alyta,RU,67.8,130.41,64.08,33.0,70.0,12.37
Gao,ML,16.64,1.64,89.76,42.0,39.0,7.36
Otane,NZ,-39.88,176.63,51.01,72.0,0.0,1.99
Vestmanna,FO,62.16,-7.17,46.4,87.0,100.0,14.99
Dunedin,NZ,-45.87,170.5,51.01,74.0,0.0,8.01
Longyearbyen,SJ,78.22,15.64,59.0,72.0,3.0,2.24
Clyde River,CA,70.47,-68.59,42.8,93.0,90.0,10.29
Tabou,CI,4.42,-7.35,73.53,86.0,92.0,8.37
Kangaatsiaq,GL,68.31,-53.46,44.01,94.0,100.0,21.34
Odienné,CI,9.51,-7.57,69.42,95.0,91.0,2.68
Verkh-Usugli,RU,52.7,115.17,82.17,41.0,37.0,13.27
San Lorenzo,PY,-25.33,-57.53,59.0,67.0,77.0,5.35
Sandviken,SE,60.62,16.77,64.99,88.0,87.0,3.0
Geraldton,AU,-28.77,114.6,75.2,23.0,0.0,16.11
Parrita,CR,9.52,-84.32,69.8,100.0,75.0,2.24
Constitución,CL,-35.33,-72.42,49.42,78.0,100.0,6.82
Raudeberg,NO,61.99,5.14,57.2,87.0,75.0,18.34
Severodvinsk,RU,64.56,39.83,68.0,77.0,20.0,2.24
Minot,US,48.23,-101.3,66.2,59.0,1.0,9.17
Vao,NC,-22.67,167.48,71.26,82.0,18.0,16.11
Padang,ID,-0.95,100.35,84.2,74.0,20.0,4.7
Iqaluit,CA,63.75,-68.51,44.6,93.0,40.0,1.39
Deputatsky,RU,69.3,139.9,55.96,67.0,90.0,4.09
Mattru,SL,7.62,-11.83,71.85,92.0,100.0,1.59
Milan,IT,45.46,9.19,73.99,78.0,0.0,2.24
Matai,TZ,-8.3,31.52,50.0,93.0,49.0,5.39
Anaco,VE,9.44,-64.47,73.89,91.0,89.0,2.86
Ponta Delgada,PT,37.73,-25.67,69.8,94.0,75.0,5.82
Rawson,AR,-43.3,-65.1,40.91,79.0,92.0,12.86
Kahului,US,20.89,-156.47,82.4,74.0,75.0,5.82
Cobija,BO,-11.03,-68.77,68.56,78.0,10.0,1.88
Slave Lake,CA,55.28,-114.77,68.0,72.0,1.0,4.7
Constantine,DZ,36.37,6.61,71.6,46.0,0.0,4.7
Shetpe,KZ,44.17,52.12,82.58,19.0,63.0,19.28
Piney Green,US,34.72,-77.32,80.01,83.0,1.0,6.93
San Cristobal,VE,7.77,-72.22,63.88,85.0,71.0,2.3
Petrovskoye,RU,57.01,39.27,65.16,81.0,42.0,4.99
Itacoatiara,BR,-3.14,-58.44,73.4,94.0,0.0,1.5
Ayorou,NE,14.73,0.92,86.18,55.0,1.0,10.94
Yoichi,JP,43.2,140.77,68.0,82.0,75.0,16.11
Røros,NO,62.57,11.38,53.6,100.0,100.0,6.93
Izberbash,RU,42.57,47.86,80.6,74.0,2.0,8.95
Lázaro Cárdenas,MX,17.96,-102.2,78.6,80.0,48.0,3.42
Tuy Hoa,VN,13.08,109.3,92.88,52.0,52.0,5.66
Riyadh,SA,24.69,46.72,91.4,31.0,32.0,4.7
Airai,TL,-8.93,125.41,72.52,55.0,57.0,5.53
Champerico,GT,14.3,-91.92,80.15,81.0,100.0,8.52
Mauguio,FR,43.62,4.01,68.0,72.0,0.0,6.93
Yumen,CN,40.28,97.2,86.47,15.0,0.0,7.11
Esil,KZ,51.96,66.4,68.32,62.0,50.0,11.86
Hamilton,US,39.18,-84.53,80.01,83.0,1.0,5.7
Pangnirtung,CA,66.15,-65.71,51.15,71.0,100.0,2.8
Ponta do Sol,PT,32.67,-17.1,68.0,72.0,20.0,11.41
Kavaratti,IN,10.57,72.64,84.2,74.0,20.0,6.93
Iranshahr,IR,27.2,60.68,95.0,41.0,30.0,7.0
Coyhaique,CL,-45.58,-72.07,30.2,86.0,24.0,1.12
Trogir,HR,43.51,16.25,69.8,64.0,0.0,3.36
Farim,GW,12.48,-15.22,74.46,96.0,100.0,5.08
Dutlwe,BW,-23.98,23.9,41.7,61.0,0.0,6.91
Baiyin,CN,36.56,104.21,82.4,21.0,20.0,6.71
Teyateyaneng,LS,-29.15,27.75,31.68,90.0,43.0,0.78
Sladkovo,RU,55.53,70.34,67.5,50.0,31.0,7.11
Lokachi,UA,50.74,24.65,66.0,98.0,38.0,4.36
Cap Malheureux,MU,-19.98,57.61,73.0,69.0,90.0,10.0
Berlevåg,NO,70.86,29.09,68.0,56.0,3.0,3.36
Sittwe,MM,20.15,92.9,86.5,75.0,90.0,9.26
Belmonte,BR,-15.86,-38.88,69.8,83.0,20.0,2.24
Zabul Province,AF,32.25,67.25,82.65,33.0,0.0,16.24
Abu Samrah,SY,35.3,37.18,84.79,27.0,71.0,2.48
Kawalu,ID,-7.38,108.21,78.76,69.0,91.0,4.54
Coolum Beach,AU,-26.53,153.1,66.99,55.0,43.0,4.0
Beira,MZ,-19.84,34.84,60.8,100.0,40.0,5.82
Iki-Burul,RU,45.82,44.65,75.2,23.0,61.0,8.95
Makkah al Mukarramah,SA,21.43,39.83,91.53,44.0,52.0,4.38
Fraserburgh,GB,57.69,-2.02,44.01,66.0,85.0,1.01
Hwange,ZW,-18.37,26.5,47.48,58.0,0.0,2.08
Thompson,CA,55.74,-97.86,59.0,100.0,75.0,6.64
Bambanglipuro,ID,-7.95,110.28,82.17,61.0,29.0,15.61
Chicama,PE,-7.84,-79.15,62.1,79.0,51.0,4.61
Samarai,PG,-10.62,150.67,80.17,83.0,28.0,10.6
Vanavara,RU,60.34,102.28,74.08,44.0,72.0,6.08
Flin Flon,CA,54.77,-101.86,58.17,84.0,3.0,6.44
Alekseyevka,RU,50.63,38.69,69.67,58.0,75.0,9.48
Rio Claro,BR,-22.41,-47.56,60.28,79.0,0.0,3.02
Bāsudebpur,IN,21.14,86.74,96.75,45.0,90.0,8.99
Paratinga,BR,-12.69,-43.18,64.62,79.0,0.0,3.0
Douglas,US,41.3,-96.17,73.4,94.0,90.0,8.05
Bonavista,CA,48.65,-53.11,57.78,96.0,100.0,14.79
Paraúna,BR,-16.95,-50.45,63.66,54.0,0.0,4.43
Batetskiy,RU,58.65,30.3,62.85,71.0,0.0,3.29
Avera,US,33.19,-82.53,77.0,100.0,1.0,3.36
Richards Bay,ZA,-28.78,32.04,63.12,78.0,92.0,10.92
Buluang,PH,13.31,123.34,88.2,66.0,31.0,3.2
Ancud,CL,-41.87,-73.82,37.99,74.0,75.0,3.36
Hualmay,PE,-11.1,-77.61,59.04,85.0,29.0,6.55
Yar-Sale,RU,66.83,70.83,56.7,62.0,97.0,10.67
Luxor,EG,25.7,32.64,82.4,39.0,0.0,8.08
Biltine,TD,14.53,20.92,79.97,73.0,59.0,18.61
Seoul,KR,37.57,126.98,77.0,88.0,90.0,1.9
Sorong,ID,-0.88,131.25,82.24,83.0,85.0,10.09
Mt. Pleasant,US,32.79,-79.86,79.0,100.0,1.0,4.5
Acton Vale,CA,45.65,-72.57,77.0,93.0,48.0,1.01
Quzhou,CN,28.96,118.87,92.55,60.0,100.0,3.62
Kati,ML,12.74,-8.07,75.2,94.0,20.0,2.24
Marabu,MY,4.41,114.01,87.8,74.0,40.0,5.82
Biak,ID,-0.91,122.88,82.36,67.0,81.0,11.5
Pendleton,US,45.67,-118.79,75.99,25.0,1.0,6.93
Pisco,PE,-13.7,-76.22,60.8,82.0,90.0,9.17
Daru,PG,-9.08,143.21,79.2,86.0,36.0,17.13
Slonim,BY,53.09,25.32,65.62,88.0,55.0,2.06
Kutulik,RU,53.35,102.78,78.98,46.0,44.0,0.98
Dingle,PH,11.0,122.67,88.3,66.0,44.0,3.98
Chililabombwe,ZM,-12.36,27.82,48.06,79.0,13.0,4.79
Sal Rei,CV,16.18,-22.92,77.0,73.0,40.0,10.29
Kaeo,NZ,-35.1,173.78,57.0,13.0,48.0,3.0
Pangani,TZ,-5.43,38.97,72.07,81.0,23.0,13.31
Hashimoto,JP,34.32,135.62,89.01,70.0,75.0,17.22
Nizwá,OM,22.93,57.53,89.02,47.0,88.0,3.6
Dicabisagan,PH,17.08,122.42,89.31,61.0,38.0,5.66
Port Blair,IN,11.67,92.75,86.61,68.0,100.0,4.85
Ulaangom,MN,49.98,92.07,76.69,33.0,7.0,5.41
Alta,NO,69.97,23.27,62.6,72.0,0.0,9.17
Khanbari,NP,27.37,87.2,83.93,62.0,90.0,2.33
Ajuchitlán,MX,20.72,-100.02,64.4,82.0,75.0,6.93
Yuncheng,CN,35.02,110.99,88.48,49.0,6.0,5.46
Opuwo,NA,-18.06,13.84,50.92,46.0,0.0,8.23
Noumea,NC,-22.28,166.46,82.4,51.0,2.0,8.05
Ashland,US,40.82,-82.27,75.2,83.0,1.0,5.82
Domoni,KM,-12.26,44.53,73.06,82.0,100.0,14.14
Sol'vychegodsk,RU,61.33,46.92,67.21,72.0,79.0,2.59
Leninsk,RU,48.71,45.2,77.0,36.0,0.0,8.95
Meridian,US,43.61,-116.39,75.0,46.0,1.0,0.78
Talnakh,RU,69.49,88.4,59.0,47.0,77.0,13.42
Grão Mogol,BR,-16.56,-42.89,57.7,100.0,23.0,3.44
Khilok,RU,51.37,110.47,62.22,91.0,100.0,2.35
Ust'-Karsk,RU,52.7,118.81,93.97,28.0,1.0,10.38
Inírida,CO,3.87,-67.92,73.06,98.0,100.0,2.71
Zhigansk,RU,66.77,123.37,55.51,58.0,68.0,11.25
Prestea,GH,5.43,-2.14,69.62,95.0,27.0,2.44
Lohr a. Main,DE,49.99,9.58,62.01,96.0,40.0,1.88
Grand Gaube,MU,-20.01,57.66,73.0,69.0,90.0,10.0
Kutum,SD,14.2,24.67,76.75,47.0,83.0,4.05
Sambava,MG,-14.27,50.17,70.18,84.0,100.0,13.65
Hay River,CA,60.82,-115.8,69.8,77.0,40.0,4.7
Key West,US,24.56,-81.78,82.4,78.0,90.0,23.04
San Jose de Guanipa,VE,8.89,-64.17,76.33,85.0,100.0,4.83
Mata,PT,40.68,-7.46,62.01,89.0,0.0,1.68
Qaqortoq,GL,60.72,-46.03,46.4,87.0,9.0,8.05
Suclayin,PH,15.76,121.55,90.48,58.0,19.0,5.99
Meulaboh,ID,4.14,96.13,85.73,62.0,98.0,4.74
Riachão das Neves,BR,-11.75,-44.91,63.52,75.0,2.0,2.95
Morant Bay,JM,17.88,-76.41,86.0,70.0,20.0,11.41
Oistins,BB,13.07,-59.53,82.06,80.0,62.0,15.35
Libreville,GA,0.39,9.45,75.2,88.0,20.0,8.05
Itaituba,BR,-4.28,-55.98,73.24,63.0,0.0,1.12
Quelimane,MZ,-17.88,36.89,59.0,100.0,75.0,3.89
Eureka,US,40.8,-124.16,57.0,100.0,34.0,0.58
Nosy Varika,MG,-20.58,48.53,65.21,73.0,1.0,3.02
Antsohihy,MG,-14.88,47.99,67.89,83.0,100.0,8.41
Burns Lake,CA,54.23,-125.75,62.76,56.0,0.0,5.23
Hebi,CN,35.9,114.19,82.0,61.0,64.0,9.17
Cayenne,GF,4.93,-52.33,75.2,100.0,29.0,2.24
Båtsfjord,NO,70.63,29.72,64.4,63.0,2.0,5.82
Muhos,FI,64.81,25.99,60.01,87.0,19.0,8.05
Ugoofaaru,MV,5.67,73.0,82.31,69.0,78.0,6.96
Joshīmath,IN,30.57,79.57,73.44,54.0,62.0,4.45
Vardø,NO,70.37,31.11,64.4,63.0,36.0,5.82
Azángaro,PE,-14.92,-70.22,30.54,79.0,13.0,0.87
Grand-Lahou,CI,5.14,-5.02,73.08,88.0,91.0,8.97
Anadyr,RU,64.75,177.48,78.8,54.0,0.0,6.71
Arman',RU,59.7,150.17,63.25,64.0,0.0,9.37
Alekseyevsk,RU,57.84,108.35,76.08,42.0,100.0,7.47
Mahon,ES,39.89,4.27,71.6,94.0,0.0,5.82
Chebarkul',RU,54.97,60.36,60.98,74.0,83.0,7.02
Namatanai,PG,-3.67,152.43,83.89,74.0,100.0,7.2
Sobolevo,RU,54.43,31.9,63.88,94.0,100.0,2.17
Laas,IT,46.62,10.7,57.0,61.0,12.0,1.77
Acapulco de Juárez,MX,16.86,-99.89,80.55,75.0,100.0,3.91
Palhoça,BR,-27.8,-48.66,62.6,77.0,75.0,12.75
Lüderitz,NA,-26.65,15.16,55.4,76.0,0.0,10.29
Puri,IN,19.8,85.85,93.2,71.0,40.0,5.82
Aswān,EG,24.09,32.91,91.47,13.0,0.0,10.87
Faanui,PF,-16.48,-151.75,79.36,77.0,100.0,15.57
Bereda,ES,43.27,-7.54,61.0,100.0,3.0,1.01
Port Lincoln,AU,-34.73,135.87,57.38,61.0,47.0,9.01
Cedeno,CO,7.05,-72.16,67.59,79.0,54.0,3.22
Yangi Marg`ilon,UZ,40.43,71.72,77.0,61.0,67.0,4.7
Saint Anthony,US,45.02,-93.22,73.4,56.0,1.0,10.29
Pilar,BR,-9.6,-35.96,68.0,94.0,20.0,2.24
Beringovskiy,RU,63.05,179.32,71.4,54.0,90.0,7.49
Tevaitoa,PF,-16.78,-151.5,80.04,75.0,97.0,16.64
Bathsheba,BB,13.22,-59.52,82.27,80.0,94.0,14.81
Arrondissement de Brive-la-Gaillarde,FR,45.25,1.5,57.99,96.0,0.0,1.99
Ola,RU,59.58,151.28,60.71,73.0,0.0,18.03
Kiama,AU,-34.68,150.87,57.99,96.0,100.0,11.99
Alofi,NU,-19.06,-169.92,73.4,88.0,37.0,9.17
Quatre Cocos,MU,-20.21,57.76,73.0,73.0,75.0,14.99
Yūbari,JP,43.04,141.96,68.0,93.0,75.0,9.17
Hervey Bay,AU,-25.3,152.85,69.01,51.0,20.0,8.01
Żary,PL,51.64,15.14,64.0,86.0,28.0,2.39
Nizhnevartovsk,RU,60.93,76.55,60.8,55.0,20.0,8.95
Norfolk,US,42.17,-71.25,77.0,83.0,1.0,3.36
Seymchan,RU,62.88,152.43,79.54,41.0,61.0,3.38
Nuevo Progreso,MX,23.17,-97.95,84.0,67.0,100.0,3.0
Revda,RU,56.8,59.93,66.2,52.0,87.0,8.95
Kollam,IN,8.88,76.6,89.6,62.0,20.0,8.05
Henderson,US,36.04,-114.98,97.0,22.0,1.0,8.63
Wanning,CN,18.8,110.4,91.06,61.0,83.0,14.52
Aripuanã,BR,-9.17,-60.63,72.93,55.0,49.0,2.04
Nizhniy Odes,RU,63.64,54.86,71.65,45.0,34.0,4.36
Gayny,RU,60.31,54.32,73.8,47.0,14.0,1.81
Petropavlovsk-Kamchatskiy,RU,53.05,158.65,75.2,41.0,9.0,8.95
Fortuna,US,40.6,-124.16,55.99,91.0,43.0,1.66
Marquette,US,46.53,-87.63,72.0,96.0,4.0,8.88
Saurimo,AO,-9.66,20.39,56.08,47.0,1.0,5.86
Volksrust,ZA,-27.37,29.88,42.33,79.0,91.0,4.85
Dufftown,GB,57.43,-3.13,52.0,76.0,96.0,6.93
Bairiki Village,KI,1.33,172.98,82.4,83.0,75.0,8.05
Krasnosel'kup,RU,65.7,82.47,55.78,66.0,87.0,12.21
Le Marin,MQ,14.47,-60.87,82.4,78.0,40.0,4.7
Muros,ES,42.78,-9.06,57.0,83.0,0.0,2.71
Turinsk,RU,58.05,63.7,64.11,69.0,83.0,4.23
Mabaruma,GY,8.2,-59.78,74.21,96.0,33.0,0.92
Sistranda,NO,63.73,8.83,55.99,100.0,75.0,9.17
Yeniseysk,RU,58.45,92.17,70.92,42.0,96.0,7.09
Narasannapeta,IN,18.42,84.05,92.12,58.0,100.0,5.28
Abéché,TD,13.83,20.83,75.85,75.0,78.0,13.73
Atar,MR,20.52,-13.05,81.61,58.0,0.0,8.41
Manaure,CO,11.78,-72.44,81.61,75.0,97.0,10.76
Anuchino,RU,43.96,133.05,83.73,52.0,10.0,1.57
Ntungamo,UG,-0.88,29.65,67.41,72.0,40.0,2.75
Khāsh,IR,28.22,61.22,88.02,28.0,15.0,8.23
Copiapó,CL,-27.37,-70.33,51.8,87.0,0.0,2.24
Sungai Penuh,ID,-2.08,101.38,81.81,44.0,38.0,2.77
Artigas,UY,-30.4,-56.47,48.09,81.0,11.0,3.78
Hoskote,IN,14.28,77.17,79.3,66.0,94.0,16.96
Lompoc,US,34.64,-120.46,59.0,87.0,0.0,5.82
Matagami,CA,49.75,-77.63,73.4,83.0,20.0,4.43
Stornoway,GB,58.21,-6.39,52.0,93.0,98.0,24.16
Thornhill,GB,55.23,-3.77,57.0,87.0,75.0,2.24
Smithers,CA,54.78,-127.17,68.0,60.0,40.0,2.24
Swift Current,CA,50.28,-107.8,57.2,67.0,1.0,6.93
Curitibanos,BR,-27.28,-50.58,51.4,98.0,100.0,3.38
Departamento de Maldonado,UY,-34.67,-54.92,55.0,76.0,21.0,4.7
Saint-Augustin,CA,51.23,-58.65,52.45,94.0,18.0,3.85
Kandrian,PG,-6.22,149.55,83.91,71.0,58.0,9.62
Bandarbeyla,SO,9.49,50.81,84.52,53.0,14.0,22.19
Sitka,US,57.05,-135.33,55.4,87.0,90.0,3.36
Roebourne,AU,-20.78,117.13,77.81,20.0,43.0,12.48
Lere,NG,10.39,8.57,68.27,94.0,100.0,5.17
Ürümqi,CN,43.8,87.6,89.6,25.0,92.0,4.47
Lahaina,US,20.88,-156.68,82.4,74.0,75.0,5.82
Pahrump,US,36.21,-115.98,90.0,14.0,1.0,9.17
Falun,SE,60.6,15.63,59.0,93.0,94.0,6.93
Nome,US,64.5,-165.41,55.0,87.0,90.0,11.41
Santa Lucía,ES,27.91,-15.54,71.6,73.0,75.0,25.28
Rozivka,UA,46.94,35.77,75.54,54.0,100.0,15.79
Marawi,PH,8.0,124.29,84.99,82.0,47.0,5.99
Ambunti,PG,-4.24,142.84,90.28,55.0,46.0,4.83
Torquay,GB,50.46,-3.51,61.0,96.0,100.0,19.57
Abu Dhabi,AE,24.47,54.37,96.8,37.0,44.0,10.29
Sabang,ID,5.89,95.32,83.3,74.0,87.0,6.62
Narsaq,GL,60.92,-46.05,46.4,87.0,17.0,8.05
Ikalamavony,MG,-21.15,46.58,57.25,60.0,0.0,2.66
Kupang,ID,-10.17,123.58,89.6,33.0,20.0,17.22
Fort Abbas,PK,29.19,72.85,100.51,35.0,1.0,10.38
Ban Tak,TH,17.04,99.08,95.0,66.0,100.0,2.64
Koumac,NC,-20.57,164.28,74.08,71.0,39.0,4.05
Pozo Colorado,PY,-23.49,-58.8,59.22,74.0,0.0,5.03
Bolu Province,TR,40.67,31.58,68.72,65.0,0.0,2.59
Ivanava,BY,52.15,25.54,66.06,87.0,50.0,4.16
Noril'sk,RU,69.35,88.2,59.0,51.0,40.0,11.18
Ambilobe,MG,-13.2,49.05,68.02,83.0,100.0,1.25
Tucupita,VE,9.06,-62.05,74.01,98.0,87.0,2.17
Ngunguru,NZ,-35.62,174.5,57.0,13.0,31.0,3.0
Nishihara,JP,26.18,127.76,87.8,66.0,75.0,14.99
Manoel Urbano,BR,-8.84,-69.26,70.11,77.0,18.0,1.7
Bud,US,39.45,-86.18,80.01,90.0,0.0,6.42
Baft,IR,29.23,56.61,80.96,16.0,0.0,4.03
Kota Kinabalu,MY,5.97,116.07,87.8,79.0,20.0,6.93
Sterling,US,39.01,-77.43,81.0,74.0,75.0,3.38
Lodja,CD,-3.48,23.43,68.45,71.0,3.0,2.08
Herat Province,AF,34.5,62.0,87.8,22.0,0.0,3.36
Tyrma,RU,50.08,132.17,86.11,49.0,68.0,2.86
San Juan,AR,-31.54,-68.54,52.75,39.0,1.0,12.97
Keflavik,IS,64.0,-22.56,44.6,87.0,6.0,16.11
Olinda,BR,-8.01,-34.86,78.8,69.0,20.0,12.75
Roseburg,US,43.22,-123.34,89.6,27.0,1.0,1.5
Okato,NZ,-39.2,173.88,57.99,48.0,0.0,5.01
Moelv,NO,60.93,10.7,51.01,98.0,100.0,11.01
Harlingen,US,26.19,-97.7,82.0,94.0,75.0,6.93
Sept-Îles,CA,50.2,-66.38,57.2,93.0,75.0,1.88
Dauphin,CA,51.15,-100.05,62.6,77.0,75.0,9.17
Kamina,CD,-8.74,24.99,54.14,54.0,11.0,4.29
Port Augusta,AU,-32.5,137.77,59.0,77.0,90.0,12.75
Mugumu,TZ,-1.85,34.7,62.26,60.0,0.0,4.32
Zhezkazgan,KZ,47.8,67.71,77.0,33.0,0.0,17.9
Katherine,AU,-14.47,132.27,84.2,16.0,100.0,10.29
Halle,DE,51.5,12.0,63.0,93.0,45.0,2.24
Sicamous,CA,50.83,-118.99,64.0,85.0,0.0,3.29
Hambantota,LK,6.12,81.12,84.2,74.0,75.0,11.41
Zinder,NE,13.81,8.99,69.8,94.0,40.0,13.87
Maningrida,AU,-12.07,134.27,86.56,34.0,94.0,8.25
Haines Junction,CA,60.75,-137.51,48.76,71.0,72.0,8.46
Gamba,GA,-2.65,10.0,71.33,86.0,72.0,4.38
Zhob,PK,31.34,69.45,85.93,40.0,9.0,3.33
Grindavik,IS,63.84,-22.43,44.6,87.0,30.0,16.11
Chengde,CN,40.97,117.94,68.7,83.0,99.0,2.82
Rabat,MA,33.99,-6.84,73.0,88.0,40.0,4.7
Zhengjiatun,CN,43.51,123.51,78.17,65.0,100.0,6.22
Pasinler,TR,39.98,41.68,64.4,48.0,0.0,1.21
Santa Maria,BR,-29.68,-53.81,51.37,84.0,16.0,1.7
Arrondissement du Havre,FR,49.58,0.33,60.8,82.0,31.0,5.82
Itoman,JP,26.12,127.67,87.8,74.0,75.0,13.87
Gurupá,BR,-1.41,-51.64,74.21,82.0,19.0,2.33
Sola,VU,-13.88,167.55,80.44,83.0,91.0,22.06
Guerrero Negro,MX,27.98,-114.06,67.71,84.0,0.0,14.5
Umm Kaddadah,SD,13.6,26.69,79.92,64.0,46.0,14.56
Taoudenni,ML,22.68,-3.98,91.58,11.0,64.0,5.84
Binga,ZW,-17.62,27.34,51.21,59.0,0.0,2.8
Centralia,US,46.72,-122.95,77.0,41.0,1.0,4.5
Vestmannaeyjar,IS,63.44,-20.27,50.59,87.0,98.0,3.53
Ahipara,NZ,-35.17,173.17,55.67,66.0,44.0,4.59
Havelock,US,34.88,-76.9,82.99,88.0,0.0,3.0
Taltal,CL,-25.4,-70.48,54.5,72.0,17.0,1.41
Baltasi,RU,56.35,50.21,65.53,75.0,0.0,6.33
Conakry,GN,9.54,-13.68,77.04,86.0,100.0,15.7
Salalah,OM,17.02,54.09,80.6,88.0,90.0,6.93
Waipawa,NZ,-41.41,175.52,51.8,71.0,0.0,4.7
Winona,US,43.97,-91.77,73.4,94.0,40.0,3.36
Abonnema,NG,4.71,6.79,74.62,92.0,100.0,4.18
Palmer,US,42.16,-72.33,75.2,69.0,1.0,3.36
Vigrestad,NO,58.57,5.7,57.99,99.0,68.0,1.01
Bogalusa,US,30.79,-89.85,75.2,94.0,75.0,1.59
Semey,KZ,50.41,80.23,77.0,41.0,86.0,4.47
Shizukuishi,JP,39.68,140.98,80.6,78.0,75.0,3.36
Juli,PE,-16.22,-69.45,32.02,73.0,0.0,4.97
Acaraú,BR,-2.89,-40.12,75.34,85.0,70.0,14.23
San Vicente,AR,-26.62,-54.13,60.08,84.0,98.0,3.4
Lenauheim,RO,45.87,20.8,68.0,100.0,90.0,1.12
Terrace,CA,54.52,-128.6,66.2,82.0,75.0,11.41
Marga,RO,45.5,22.52,64.24,79.0,63.0,1.7
Shenjiamen,CN,29.96,122.3,79.34,91.0,100.0,16.33
Villaviciosa,ES,43.48,-5.44,68.0,78.0,0.0,3.89
Lysyanka,UA,49.25,30.83,68.13,77.0,98.0,9.15
Luwingu,ZM,-10.26,29.93,48.97,90.0,45.0,3.85
Hyères,FR,43.12,6.12,73.0,82.0,20.0,3.36
Katobu,ID,-4.94,122.53,87.26,55.0,51.0,5.91
Stromness,GB,58.97,-3.3,52.0,90.0,32.0,14.0
Whyalla,AU,-33.03,137.58,59.0,77.0,90.0,12.75
Macusani,PE,-14.08,-70.43,32.04,81.0,1.0,0.81
Lae,PG,-6.72,146.98,84.16,63.0,52.0,8.57
Tautira,PF,-17.73,-149.15,78.8,78.0,40.0,13.87
